{"cameraMode":{"drawMode":0,"name":"Shaded","section":"Shading Mode"},"sceneLighting":true,"audioPlay":false,"sceneViewState":{"showFog":true,"showMaterialUpdate":false,"showSkybox":true,"showFlares":true,"showImageEffects":true,"showParticleSystems":true},"in2DMode":false,"pivot":{"x":-1.352429747581482,"y":-1.6788115501403809,"z":0.49659252166748049},"rotation":{"x":0.34760746359825137,"y":-0.061837028712034228,"z":0.022955596446990968,"w":0.9353552460670471},"size":8.505539894104004,"orthographic":false}