{"cameraMode":{"drawMode":0,"name":"Shaded","section":"Shading Mode"},"sceneLighting":true,"audioPlay":false,"sceneViewState":{"showFog":true,"showMaterialUpdate":false,"showSkybox":true,"showFlares":true,"showImageEffects":true,"showParticleSystems":true},"in2DMode":false,"pivot":{"x":-0.33485186100006106,"y":-1.5093774795532227,"z":1.0398979187011719},"rotation":{"x":-0.11852771788835526,"y":0.006550541613250971,"z":-0.0007819385500624776,"w":-0.99293053150177},"size":67.275634765625,"orthographic":false}